-- 家庭医疗系统 - 测试数据填充脚本
-- 密码统一为 123456，MD5加密
-- 注意：此脚本假设数据库已通过 init.sql 初始化，admin 用户 id=1
-- 若数据库中已有其他用户，请先检查 user_id 映射再执行
USE family_medical;

-- ============================================================
-- 用户数据（医生 + 患者）
-- ============================================================

-- 医生用户（role=2）
INSERT INTO `sys_user` (`username`, `password`, `real_name`, `phone`, `email`, `avatar`, `gender`, `age`, `id_card`, `address`, `role`, `status`) VALUES
('doctor01', 'e10adc3949ba59abbe56e057f20f883e', '张伟',   '13800001001', 'zhangwei@hospital.com',   'https://i.pixiv.re/c/250x250_80_a2/img-master/img/2022/07/28/03/35/15/100045420_p0_square1200.jpg',  1, 45, '110101197901011234', '北京市朝阳区建国路88号',   2, 1),
('doctor02', 'e10adc3949ba59abbe56e057f20f883e', '李芳',   '13800001002', 'lifang@hospital.com',     'https://i.pixiv.re/c/250x250_80_a2/img-master/img/2023/04/10/13/00/44/107046772_p0_square1200.jpg', 2, 38, '110101198601022345', '北京市海淀区中关村大街1号', 2, 1),
('doctor03', 'e10adc3949ba59abbe56e057f20f883e', '王强',   '13800001003', 'wangqiang@hospital.com',  'https://i.pixiv.re/c/250x250_80_a2/img-master/img/2024/05/15/00/00/15/118733962_p0_square1200.jpg',  1, 52, '110101197201033456', '北京市西城区金融街15号',    2, 1),
('doctor04', 'e10adc3949ba59abbe56e057f20f883e', '陈静',   '13800001004', 'chenjing@hospital.com',   'https://i.pixiv.re/c/250x250_80_a2/img-master/img/2026/03/24/08/44/42/142678763_p0_square1200.jpg', 2, 41, '110101198301044567', '北京市东城区东直门南大街5号', 2, 1),
('doctor05', 'e10adc3949ba59abbe56e057f20f883e', '刘洋',   '13800001005', 'liuyang@hospital.com',    'https://i.pixiv.re/c/250x250_80_a2/img-master/img/2023/04/19/00/01/04/107306372_p0_square1200.jpg',  1, 35, '110101198901055678', '北京市丰台区南四环西路18号', 2, 1),
('doctor06', 'e10adc3949ba59abbe56e057f20f883e', '赵敏',   '13800001006', 'zhaomin@hospital.com',    'https://i.pixiv.re/c/250x250_80_a2/img-master/img/2026/01/23/23/32/08/140293384_p0_square1200.jpg', 2, 48, '110101197601066789', '北京市朝阳区望京SOHO',      2, 1);

-- 患者用户（role=3）
INSERT INTO `sys_user` (`username`, `password`, `real_name`, `phone`, `email`, `avatar`, `gender`, `age`, `id_card`, `address`, `role`, `status`) VALUES
('patient01', 'e10adc3949ba59abbe56e057f20f883e', '孙悟空', '13900001001', 'sunwk@example.com',    'https://i.pixiv.re/c/250x250_80_a2/img-master/img/2020/08/11/17/55/56/83604334_p0_square1200.jpg', 1, 30, '110101199401011111', '北京市朝阳区花果山路1号',   3, 1),
('patient02', 'e10adc3949ba59abbe56e057f20f883e', '林黛玉', '13900001002', 'lindy@example.com',    'https://i.pixiv.re/c/250x250_80_a2/img-master/img/2025/06/07/21/48/51/131290755_p0_square1200.jpg', 2, 25, '110101199901022222', '北京市西城区荣国府街3号',   3, 1),
('patient03', 'e10adc3949ba59abbe56e057f20f883e', '武松',   '13900001003', 'wusong@example.com',   'https://i.pixiv.re/c/250x250_80_a2/img-master/img/2023/05/12/12/29/53/108052938_p0_square1200.jpg', 1, 35, '110101198901033333', '北京市东城区景阳冈路5号',   3, 1),
('patient04', 'e10adc3949ba59abbe56e057f20f883e', '白素贞', '13900001004', 'baisz@example.com',    'https://i.pixiv.re/c/250x250_80_a2/img-master/img/2024/11/18/20/19/45/124422424_p0_square1200.jpg', 2, 28, '110101199601044444', '北京市海淀区断桥路7号',     3, 1),
('patient05', 'e10adc3949ba59abbe56e057f20f883e', '刘备',   '13900001005', 'liubei@example.com',   'https://i.pixiv.re/c/250x250_80_a2/img-master/img/2023/12/05/17/00/06/113973216_p0_square1200.jpg', 1, 42, '110101198201055555', '北京市丰台区桃园路9号',     3, 1),
('patient06', 'e10adc3949ba59abbe56e057f20f883e', '貂蝉',   '13900001006', 'diaochan@example.com', 'https://i.pixiv.re/c/250x250_80_a2/img-master/img/2022/11/30/19/30/30/103225368_p0_square1200.jpg', 2, 22, '110101200201066666', '北京市朝阳区凤仪亭路11号',  3, 1),
('patient07', 'e10adc3949ba59abbe56e057f20f883e', '张飞',   '13900001007', 'zhangfei@example.com', 'https://i.pixiv.re/c/250x250_80_a2/img-master/img/2023/09/14/00/00/24/111698488_p0_square1200.jpg', 1, 38, '110101198601077777', '北京市通州区长坂坡路13号',  3, 1),
('patient08', 'e10adc3949ba59abbe56e057f20f883e', '王昭君', '13900001008', 'wangzj@example.com',   'https://i.pixiv.re/c/250x250_80_a2/img-master/img/2023/04/10/13/00/44/107046772_p0_square1200.jpg', 2, 33, '110101199101088888', '北京市大兴区昭君路15号',    3, 1);

-- ============================================================
-- 医生详情表（user_id 对应上方 INSERT 后的实际自增 ID）
-- 假设数据库中仅有 admin(id=1)，则 doctor01=3, doctor02=4, ...
-- ============================================================
INSERT INTO `doctor_info` (`user_id`, `department`, `title`, `specialty`, `introduction`, `consult_fee`, `work_years`) VALUES
(3, '内科',     '主任医师',   '高血压、冠心病、心律失常',           '从事心血管内科临床工作20余年，擅长高血压、冠心病的诊治，发表学术论文30余篇。',               50.00, 20),
(4, '儿科',     '副主任医师', '小儿感冒、哮喘、生长发育迟缓',       '毕业于北京医科大学，从事儿科临床工作15年，在儿童呼吸系统疾病方面有丰富经验。',             40.00, 15),
(5, '骨科',     '主任医师',   '骨折、关节置换、脊柱疾病',           '骨科领域知名专家，擅长复杂骨折及关节置换手术，曾赴美国进修2年。',                         60.00, 25),
(6, '妇产科',   '主治医师',   '产前检查、妇科炎症、不孕不育',       '从事妇产科临床工作10年，对待患者耐心细致，深受患者好评。',                               35.00, 10),
(7, '皮肤科',   '住院医师',   '湿疹、荨麻疹、痤疮、银屑病',         '年轻有为的皮肤科医师，善于运用中西医结合方法治疗各类皮肤病。',                             30.00, 5),
(8, '神经内科', '主任医师',   '头痛、眩晕、脑梗塞、帕金森病',       '神经内科资深专家，从医20余年，在脑血管疾病和神经退行性疾病诊治方面造诣深厚。',             55.00, 22);

-- ============================================================
-- 患者健康档案（user_id 9~16 对应 patient01~patient08）
-- ============================================================
INSERT INTO `health_record` (`user_id`, `blood_type`, `height`, `weight`, `allergy`, `medical_history`, `family_history`) VALUES
(9,  'A',  175.0, 70.0, '青霉素过敏',         '2020年阑尾炎手术',                     '父亲高血压'),
(10, 'O',  162.0, 50.0, '花粉过敏',           '2019年肺炎住院',                       '母亲糖尿病'),
(11, 'B',  180.0, 85.0, '无',                 '2021年腰椎间盘突出保守治疗',             '祖父脑梗'),
(12, 'AB', 165.0, 55.0, '海鲜过敏',           '2022年甲状腺结节复查',                  '母亲甲亢'),
(13, 'A',  178.0, 80.0, '磺胺类药物过敏',      '2018年心肌炎',                         '父亲冠心病'),
(14, 'O',  158.0, 48.0, '无',                 '2023年贫血',                           '无'),
(15, 'B',  182.0, 90.0, '酒精过敏',           '2020年膝关节韧带损伤',                  '父亲糖尿病'),
(16, 'A',  160.0, 52.0, '芒果过敏',           '无',                                   '母亲高血压，外婆乳腺癌');

-- ============================================================
-- 预约挂号记录
-- ============================================================
INSERT INTO `appointment` (`patient_id`, `doctor_id`, `appointment_date`, `time_slot`, `symptoms`, `status`, `remark`) VALUES
(9,  3, '2026-05-05', '上午', '头晕、胸闷、血压偏高',         2, '已服降压药一周'),
(10, 4, '2026-05-06', '下午', '孩子反复咳嗽两周，夜间加重',   2, '已做雾化三天'),
(11, 5, '2026-05-07', '上午', '腰部酸痛，久坐加重',          2, 'CT已拍'),
(12, 6, '2026-05-08', '下午', '月经不调，周期紊乱三个月',     1, NULL),
(13, 3, '2026-05-09', '上午', '心悸、气短、运动后加重',       1, '有心肌炎病史'),
(14, 7, '2026-05-10', '下午', '面部痤疮反复发作半年',         0, '之前用过维A酸'),
(15, 5, '2026-05-10', '上午', '膝盖旧伤复发，上下楼疼痛',     0, NULL),
(16, 8, '2026-05-11', '上午', '持续性头痛一周，伴眩晕',       0, '睡眠不好'),
(9,  8, '2026-05-12', '下午', '失眠多梦，记忆力下降',         0, NULL),
(10, 6, '2026-05-12', '上午', '产后复查',                     0, '二胎产后42天');

-- ============================================================
-- 诊断记录（对应已完成的预约 id 1,2,3）
-- ============================================================
INSERT INTO `diagnosis` (`appointment_id`, `patient_id`, `doctor_id`, `diagnosis`, `prescription`, `advice`, `follow_up_date`) VALUES
(1, 9,  3, '原发性高血压1级，低危组',                 '苯磺酸氨氯地平片 5mg 每日一次；阿司匹林肠溶片 100mg 每日一次',        '低盐低脂饮食，每日监测血压，适量运动，戒烟限酒',            '2026-06-05'),
(2, 10, 4, '急性支气管炎',                           '阿奇霉素干混悬剂 0.1g 每日一次；氨溴索口服液 10ml 每日三次',          '多饮温水，注意保暖，避免接触过敏原，室内保持通风',           '2026-05-20'),
(3, 11, 5, '腰椎间盘突出症（L4/L5），腰肌劳损',      '塞来昔布胶囊 200mg 每日两次；甲钴胺片 0.5mg 每日三次',               '避免久坐，每小时起身活动，加强腰背肌锻炼，睡硬板床',          '2026-06-07');

-- ============================================================
-- 系统通知
-- ============================================================
INSERT INTO `notification` (`user_id`, `title`, `content`, `type`, `is_read`) VALUES
-- 患者通知
(9,  '预约成功',         '您已成功预约张伟医生2026年5月5日上午的门诊，请按时就诊。',                 2, 1),
(9,  '诊断结果已出',     '张伟医生已完成您的诊断，请查看诊断详情。',                               3, 1),
(9,  '复诊提醒',         '您的复诊日期为2026年6月5日，请提前预约。',                              2, 0),
(10, '预约成功',         '您已成功预约李芳医生2026年5月6日下午的门诊，请按时就诊。',                 2, 1),
(10, '诊断结果已出',     '李芳医生已完成您的诊断，请查看诊断详情。',                               3, 1),
(11, '预约成功',         '您已成功预约王强医生2026年5月7日上午的门诊，请按时就诊。',                 2, 1),
(11, '诊断结果已出',     '王强医生已完成您的诊断，请查看诊断详情。',                               3, 1),
(12, '预约成功',         '您已成功预约陈静医生2026年5月8日下午的门诊，请按时就诊。',                 2, 1),
(13, '预约成功',         '您已成功预约张伟医生2026年5月9日上午的门诊，请按时就诊。',                 2, 0),
(14, '预约待确认',       '您预约了刘洋医生2026年5月10日下午的门诊，请等待医生确认。',                 2, 0),
(15, '预约待确认',       '您预约了王强医生2026年5月10日上午的门诊，请等待医生确认。',                 2, 0),
(16, '预约待确认',       '您预约了赵敏医生2026年5月11日上午的门诊，请等待医生确认。',                 2, 0),
-- 系统通知
(9,  '系统维护通知',     '系统将于2026年5月15日凌晨2:00-4:00进行维护升级，届时将暂停服务。',        1, 0),
(10, '健康小贴士',       '春季花粉过敏高发期，外出请佩戴口罩，回家后及时清洗面部和鼻腔。',            1, 0),
(11, '健康小贴士',       '久坐人群建议每工作1小时起身活动5分钟，预防腰椎疾病。',                     1, 0),
-- 医生通知
(3,  '新预约提醒',       '患者武松预约了您2026年5月9日上午的门诊，请及时确认。',                     2, 1),
(4,  '新预约提醒',       '患者林黛玉预约了您2026年5月6日下午的门诊，请及时确认。',                   2, 1),
(5,  '新预约提醒',       '患者张飞预约了您2026年5月10日上午的门诊，请及时确认。',                     2, 0),
(7,  '新预约提醒',       '患者貂蝉预约了您2026年5月10日下午的门诊，请及时确认。',                     2, 0),
(8,  '新预约提醒',       '患者王昭君预约了您2026年5月11日上午的门诊，请及时确认。',                   2, 0);
